{
  "model_id": "EvolutionaryScale/esm3-sm-open-v1",
  "n": 3444,
  "dim": 1536,
  "metrics": {
    "ACC": 0.7489114658925979,
    "BACC": 0.744812834224599,
    "Sn": 0.7623529411764706,
    "Sp": 0.7272727272727273,
    "MCC": 0.48148105424975013,
    "AUC": 0.8197860962566846,
    "AP": 0.8650447830338601
  },
  "split": {
    "method": "train_test_split",
    "test_size": 0.2,
    "seed": 42
  },
  "note": "ESMC/ESM3 use esm library; ANKH uses T5EncoderModel; DPLM prefers byprot; SaProt may need structure tokens."
}