{
  "model_id": "facebook/esm2_t33_650M_UR50D",
  "n": 3444,
  "dim": 1280,
  "selection": {
    "metric": "MCC",
    "cv_table_csv": "solver_cv_facebook_esm2_t33_650M_UR50D_seed42_test0.2.csv",
    "best_solver_group": "saga",
    "best_params": {
      "clf__C": 1,
      "clf__l1_ratio": 0.2,
      "clf__penalty": "elasticnet",
      "clf__solver": "saga"
    },
    "cv_best_mcc": 0.46460516842239646
  },
  "test_metrics": {
    "ACC": 0.7532656023222061,
    "BACC": 0.7519295900178253,
    "Sn": 0.7576470588235295,
    "Sp": 0.7462121212121212,
    "MCC": 0.4940491722675978,
    "AUC": 0.8249554367201426,
    "AP": 0.8792752327067602
  },
  "split": {
    "method": "train_test_split",
    "test_size": 0.2,
    "seed": 42
  }
}