{
  "model_id": "facebook/esm2_t33_650M_UR50D",
  "n": 3444,
  "dim": 1280,
  "metrics": {
    "ACC": 0.7518142235123367,
    "BACC": 0.75075311942959,
    "Sn": 0.7552941176470588,
    "Sp": 0.7462121212121212,
    "MCC": 0.4915567430102613,
    "AUC": 0.8271657754010695,
    "AP": 0.8796871987842179
  },
  "split": {
    "method": "train_test_split",
    "test_size": 0.2,
    "seed": 42
  },
  "note": "ESMC/ESM3 use esm library; ANKH uses T5EncoderModel; DPLM prefers byprot; SaProt may need structure tokens."
}