solver_group,cv_best_mcc,cv_auc_at_best_mcc,cv_bacc_at_best_mcc,best_clf__C,best_clf__penalty,best_clf__solver,seconds,fold_mcc,fold_auc,fold_bacc,mcc_mean,mcc_std,auc_mean,auc_std,bacc_mean,bacc_std,best_clf__l1_ratio
lbfgs,0.4245094824194438,0.7837225777720576,0.7164177184542841,1,l2,lbfgs,3.625366687774658,"0.453522,0.429740,0.383088,0.439967,0.416229","0.802220,0.792947,0.769529,0.782311,0.771606","0.731043,0.717703,0.695644,0.725223,0.712476",0.4245094824194438,0.026890208337567615,0.7837225777720576,0.013942055782916336,0.7164177184542841,0.013603089301753005,
saga,0.42335220124783585,0.7842865322248759,0.715759455148962,1,elasticnet,saga,277.1367473602295,"0.444660,0.426565,0.387562,0.436943,0.421030","0.804455,0.792835,0.769306,0.783147,0.771689","0.726281,0.716232,0.698014,0.723752,0.714518",0.42335220124783585,0.02199632210053325,0.7842865322248759,0.014698984972741896,0.715759455148962,0.011082357196238651,0.2
liblinear,0.42063413005779554,0.7838312379335968,0.7144048935886845,1,l2,liblinear,82.05929446220398,"0.438419,0.428530,0.375569,0.439967,0.420686","0.802039,0.792835,0.769571,0.782562,0.772149","0.723349,0.716804,0.691804,0.725223,0.714845",0.42063413005779554,0.026378554393515947,0.7838312379335968,0.013729779908434483,0.7144048935886845,0.013358371076429232,
newton-cg,0.4197335716984417,0.7836917900125542,0.7139332167662967,1,l2,newton-cg,1.0843942165374756,"0.442860,0.428530,0.368049,0.442999,0.416229","0.801885,0.792835,0.769320,0.782339,0.772080","0.725730,0.716804,0.687963,0.726694,0.712476",0.4197335716984417,0.030972038878597872,0.7836917900125542,0.01376434009552854,0.7139332167662967,0.01570649004641649,
