solver_group,cv_best_mcc,cv_auc_at_best_mcc,cv_bacc_at_best_mcc,best_clf__C,best_clf__penalty,best_clf__solver,seconds,fold_mcc,fold_auc,fold_bacc,mcc_mean,mcc_std,auc_mean,auc_std,bacc_mean,bacc_std,best_clf__l1_ratio
saga,0.477323196807219,0.8191732211779514,0.7422860696863143,1,elasticnet,saga,428.80834436416626,"0.472096,0.493922,0.506504,0.507689,0.406405","0.818726,0.817089,0.833315,0.835336,0.791399","0.738563,0.751122,0.758559,0.756677,0.706510",0.477323196807219,0.042147781309732665,0.8191732211779514,0.017586481626356017,0.7422860696863143,0.021469656426548064,0.2
lbfgs,0.4715796759202434,0.8191032973070259,0.7396384790660716,1,l2,lbfgs,12.074709415435791,"0.461254,0.487605,0.495882,0.502323,0.410836","0.818098,0.816170,0.833343,0.835238,0.792668","0.733250,0.748181,0.753248,0.754635,0.708879",0.4715796759202434,0.03737957493500484,0.8191032973070259,0.01711390613556444,0.7396384790660716,0.01917044593987529,
newton-cg,0.4713672145253084,0.819053030059712,0.7394586630638412,1,l2,newton-cg,1.8848836421966553,"0.461254,0.490758,0.488362,0.501195,0.415267","0.817861,0.816532,0.832938,0.835071,0.792863","0.733250,0.749652,0.749408,0.753736,0.711249",0.4713672145253084,0.03465548979241604,0.819053030059712,0.016904664921425647,0.7394586630638412,0.017614271543163203,
liblinear,0.4704961510711909,0.819173003553967,0.738983866899458,1,l2,liblinear,101.40749406814575,"0.464483,0.487605,0.488362,0.501195,0.410836","0.818126,0.816560,0.832883,0.835127,0.793170","0.734716,0.748181,0.749408,0.753736,0.708879",0.4704961510711909,0.03588107320653589,0.819173003553967,0.01678222130686372,0.738983866899458,0.018271280541431185,
