solver_group,cv_best_mcc,cv_auc_at_best_mcc,cv_bacc_at_best_mcc,best_clf__C,best_clf__penalty,best_clf__solver,seconds,fold_mcc,fold_auc,fold_bacc,mcc_mean,mcc_std,auc_mean,auc_std,bacc_mean,bacc_std
saga,0.4564438098943505,0.8103140216768281,0.7323523797922388,1,l2,saga,1095.3791346549988,"0.496352,0.466253,0.494149,0.439327,0.386138","0.820304,0.821564,0.820979,0.819180,0.769543","0.752297,0.737559,0.752676,0.722115,0.697115",0.4564438098943505,0.045679511503284635,0.8103140216768281,0.022809026958809563,0.7323523797922388,0.02336923146129172
liblinear,0.45466242825595565,0.8104284245421148,0.7314045124936606,1,l2,liblinear,135.79978394508362,"0.496352,0.466253,0.489710,0.439327,0.381669","0.820584,0.821606,0.821146,0.819208,0.769599","0.752297,0.737559,0.750307,0.722115,0.694745",0.45466242825595565,0.0465400147502304,0.8104284245421148,0.02284233949199763,0.7314045124936606,0.02377973955579553
newton-cg,0.45433227857695224,0.8103530666898383,0.7312879540219306,1,l2,newton-cg,2.8575940132141113,"0.491961,0.463137,0.494149,0.439327,0.383088","0.820346,0.821536,0.821313,0.819180,0.769389","0.749916,0.736089,0.752676,0.722115,0.695644",0.45433227857695224,0.04577024652646412,0.8103530666898383,0.02291825393135349,0.7312879540219306,0.02335682029420734
lbfgs,0.4507101357040912,0.8100825596878547,0.7294577337821759,1,l2,lbfgs,9.801043272018433,"0.491961,0.455604,0.480522,0.439327,0.386138","0.820109,0.821452,0.820560,0.818971,0.769320","0.749916,0.732248,0.745895,0.722115,0.697115",0.4507101357040912,0.041573490555370726,0.8100825596878547,0.022804614686699726,0.7294577337821759,0.021192681585607654
