solver_group,cv_best_mcc,cv_auc_at_best_mcc,cv_bacc_at_best_mcc,best_clf__C,best_clf__penalty,best_clf__solver,seconds,fold_mcc,fold_auc,fold_bacc,mcc_mean,mcc_std,auc_mean,auc_std,bacc_mean,bacc_std,best_clf__l1_ratio
saga,0.44840163752538675,0.7931420473013322,0.7272171685313226,1,elasticnet,saga,691.190363407135,"0.481215,0.421788,0.458077,0.491409,0.389520","0.792711,0.787692,0.799749,0.821188,0.764371","0.744603,0.712636,0.732492,0.748097,0.698258",0.44840163752538675,0.04241269110029179,0.7931420473013322,0.020541748719609204,0.7272171685313226,0.02131510066724118,0.2
lbfgs,0.4419260920795268,0.7925004026433022,0.7240290663109625,1,l2,lbfgs,8.896750211715698,"0.449090,0.431731,0.464970,0.482729,0.381111","0.791496,0.788291,0.800251,0.818623,0.763842","0.728662,0.718274,0.736660,0.743358,0.693191",0.4419260920795268,0.03888968080544536,0.7925004026433022,0.01989034019683395,0.7240290663109625,0.0196133830823759,
newton-cg,0.44106745243031636,0.792901948482135,0.7235559951767674,1,l2,newton-cg,2.647489547729492,"0.445970,0.430558,0.464970,0.482729,0.381111","0.791761,0.788681,0.801157,0.819139,0.763772","0.727196,0.717375,0.736660,0.743358,0.693191",0.44106745243031636,0.03884672770801828,0.792901948482135,0.0201505375943295,0.7235559951767674,0.019604460988438554,
liblinear,0.4408277783957205,0.7927318342661382,0.723376179174537,1,l2,liblinear,99.8695912361145,"0.445970,0.430558,0.468111,0.478389,0.381111","0.791607,0.788263,0.800878,0.819139,0.763772","0.727196,0.717375,0.738131,0.740988,0.693191",0.4408277783957205,0.038253310810597276,0.7927318342661382,0.02014687244115391,0.723376179174537,0.0192979878874297,
