solver_group,cv_best_mcc,cv_auc_at_best_mcc,cv_bacc_at_best_mcc,best_clf__C,best_clf__penalty,best_clf__solver,seconds,fold_mcc,fold_auc,fold_bacc,mcc_mean,mcc_std,auc_mean,auc_std,bacc_mean,bacc_std
newton-cg,0.48185500644373847,0.8147805195934194,0.7446096725023765,1,l2,newton-cg,3.299781084060669,"0.514680,0.448602,0.512211,0.451162,0.482620","0.829018,0.815640,0.824561,0.799679,0.805004","0.761458,0.728081,0.760273,0.727098,0.746139",0.48185500644373847,0.03180943154898913,0.8147805195934194,0.012477273042392965,0.7446096725023765,0.01666900158159901
lbfgs,0.4813728074697736,0.8149337498477314,0.744249177982822,1,l2,lbfgs,17.37905240058899,"0.517882,0.447347,0.512211,0.446805,0.482620","0.828739,0.815570,0.825160,0.800084,0.805116","0.762924,0.727181,0.760273,0.724728,0.746139",0.4813728074697736,0.034052076849999564,0.8149337498477314,0.012374292031882813,0.744249177982822,0.017898819585043132
liblinear,0.48010042179580326,0.8150146985730681,0.7436618052037983,1,l2,liblinear,105.65667366981506,"0.514680,0.448602,0.512211,0.446805,0.478204","0.829018,0.815710,0.825118,0.800139,0.805088","0.761458,0.728081,0.760273,0.724728,0.743769",0.48010042179580326,0.03290582126482691,0.8150146985730681,0.012434705582494345,0.7436618052037983,0.017276487182244133
saga,0.47945188342458217,0.8150203400563572,0.7433685500718334,1,l2,saga,665.4057121276855,"0.511490,0.444193,0.512211,0.451162,0.478204","0.829200,0.815821,0.824965,0.800070,0.805046","0.759992,0.725711,0.760273,0.727098,0.743769",0.47945188342458217,0.032189346241089024,0.8150203400563572,0.012486068244102172,0.7433685500718334,0.016872926819301783
