solver_group,cv_best_mcc,cv_auc_at_best_mcc,cv_bacc_at_best_mcc,best_clf__C,best_clf__penalty,best_clf__solver,seconds,fold_mcc,fold_auc,fold_bacc,mcc_mean,mcc_std,auc_mean,auc_std,bacc_mean,bacc_std,best_clf__l1_ratio
saga,0.46460516842239646,0.8042823136676388,0.7368606550902387,1,elasticnet,saga,659.4690082073212,"0.467340,0.495882,0.487848,0.478204,0.393752","0.815892,0.819989,0.818637,0.803722,0.763173","0.737823,0.753248,0.750390,0.743769,0.699073",0.46460516842239646,0.04102127530326308,0.8042823136676388,0.02386339602376487,0.7368606550902387,0.02195534271574971,0.2
lbfgs,0.46157561279062903,0.8041431238587636,0.7352590381401412,1,l2,lbfgs,17.09768772125244,"0.467340,0.492791,0.496937,0.458284,0.392526","0.816450,0.821425,0.821146,0.800209,0.761486","0.737823,0.751777,0.754474,0.734047,0.698174",0.46157561279062903,0.04194298375578655,0.8041431238587636,0.02536886999133599,0.7352590381401412,0.022502397412574725,
liblinear,0.45970819476287045,0.8040984778506474,0.7343792727442466,1,l2,liblinear,128.57447957992554,"0.457956,0.492791,0.493902,0.461367,0.392526","0.816339,0.821188,0.820909,0.800599,0.761458","0.733424,0.751777,0.753004,0.735517,0.698174",0.45970819476287045,0.041179524798342484,0.8040984778506474,0.0252729871282835,0.7343792727442466,0.022150610426847725,
newton-cg,0.45970819476287045,0.8040482308474249,0.7343792727442466,1,l2,newton-cg,3.2212328910827637,"0.457956,0.492791,0.493902,0.461367,0.392526","0.816157,0.821090,0.820700,0.800279,0.762016","0.733424,0.751777,0.753004,0.735517,0.698174",0.45970819476287045,0.041179524798342484,0.8040482308474249,0.024976327308951697,0.7343792727442466,0.022150610426847725,
