solver_group,cv_best_mcc,cv_auc_at_best_mcc,cv_bacc_at_best_mcc,best_clf__C,best_clf__penalty,best_clf__solver,seconds,fold_mcc,fold_auc,fold_bacc,mcc_mean,mcc_std,auc_mean,auc_std,bacc_mean,bacc_std,best_clf__l1_ratio
saga,0.2279746223038662,0.651555028871773,0.6162780490161625,1,elasticnet,saga,707.3811571598053,"0.181319,0.263093,0.239012,0.261350,0.195099","0.632991,0.652732,0.651338,0.684806,0.635907","0.591817,0.634855,0.622435,0.632646,0.599638",0.2279746223038662,0.03783718247731836,0.651555028871773,0.020594528635011197,0.6162780490161625,0.019533126133962773,0.8
lbfgs,0.223889235031656,0.6576365248883393,0.6139610202741851,1,l2,lbfgs,3.2182509899139404,"0.217800,0.255901,0.229719,0.243486,0.172540","0.651704,0.652230,0.665779,0.681963,0.636507","0.610138,0.631342,0.617368,0.622839,0.588117",0.223889235031656,0.0320801641425958,0.6576365248883393,0.01709498082211447,0.6139610202741851,0.01639422646238242,
newton-cg,0.22055152769890665,0.6574747893903987,0.6122468267094471,1,l2,newton-cg,1.5136198997497559,"0.211709,0.240617,0.234260,0.246583,0.169588","0.651592,0.652133,0.665626,0.681698,0.636326","0.607206,0.623334,0.619738,0.624310,0.586646",0.22055152769890665,0.03139917832790679,0.6574747893903987,0.01705599046108147,0.6122468267094471,0.015853803362803915,
liblinear,0.22023856555403784,0.657374386482366,0.6120670107072167,1,l2,liblinear,148.9327745437622,"0.211709,0.233125,0.237236,0.246583,0.172540","0.651480,0.652230,0.665654,0.681837,0.635670","0.607206,0.619494,0.621209,0.624310,0.588117",0.22023856555403784,0.029567143214136695,0.657374386482366,0.01731501613711426,0.6120670107072167,0.014881726112384891,
