solver_group,cv_best_mcc,cv_auc_at_best_mcc,cv_bacc_at_best_mcc,best_clf__C,best_clf__penalty,best_clf__solver,seconds,fold_mcc,fold_auc,fold_bacc,mcc_mean,mcc_std,auc_mean,auc_std,bacc_mean,bacc_std
saga,0.4803868313356463,0.808862565081348,0.7450293041011765,1.0,l1,saga,651.926105260849,"0.466477,0.472515,0.485737,0.527799,0.449406","0.807708,0.810914,0.813396,0.822414,0.789880","0.738549,0.740500,0.747609,0.769180,0.729307",0.4803868313356463,0.02954554189287029,0.808862565081348,0.011938094702017394,0.7450293041011765,0.014996825705392632
liblinear,0.4764784539092628,0.8089546398815534,0.7430170110322902,1.0,l1,liblinear,203.7073690891266,"0.462019,0.473791,0.485737,0.523405,0.437441","0.807918,0.810803,0.813660,0.822902,0.789490","0.736168,0.741399,0.747609,0.766811,0.723097",0.4764784539092628,0.031733514307157595,0.8089546398815534,0.012247933126837944,0.7430170110322902,0.01607442587783346
lbfgs,0.45951031550446997,0.8028518895153786,0.7349523045309352,0.1,l2,lbfgs,24.89910650253296,"0.419914,0.468561,0.461367,0.480842,0.466867","0.799791,0.803875,0.801018,0.811012,0.798564","0.714551,0.739685,0.735517,0.745567,0.739441",0.45951031550446997,0.023250799715843765,0.8028518895153786,0.004968767503578955,0.7349523045309352,0.011955711929780014
newton-cg,0.45922336951019693,0.8030025141215191,0.7347724885287049,0.1,l2,newton-cg,3.3632004261016846,"0.419914,0.471618,0.461367,0.480842,0.462375","0.800014,0.804126,0.800850,0.811221,0.798801","0.714551,0.741156,0.735517,0.745567,0.737071",0.45922336951019693,0.023349278565918164,0.8030025141215191,0.005000532658137994,0.7347724885287049,0.01195845391413447
