model_id,dim,file,eval,ACC,BACC,Sn,Sp,MCC,AUC,AP
airkingbd/dplm_650m,1280,airkingbd_dplm_650m.json,train_test_split,0.760522496371553,0.7621167557932264,0.7552941176470588,0.7689393939393939,0.5127673203931501,0.835222816399287,0.8820046313224384
EvolutionaryScale/esm3-sm-open-v1,1536,EvolutionaryScale_esm3-sm-open-v1.json,train_test_split,0.7489114658925979,0.744812834224599,0.7623529411764706,0.7272727272727273,0.48148105424975013,0.8197860962566846,0.8650447830338601
EvolutionaryScale/esmc-600m-2024-12,1152,EvolutionaryScale_esmc-600m-2024-12.json,train_test_split,0.7474600870827286,0.7414839572192513,0.7670588235294118,0.7159090909090909,0.4760431036537899,0.8235383244206774,0.8759092675777419
EvolutionaryScale/esmc-300m-2024-12,960,EvolutionaryScale_esmc-300m-2024-12.json,train_test_split,0.7416545718432511,0.7396479500891266,0.7482352941176471,0.7310606060606061,0.4699641331087083,0.8225222816399287,0.8781050954943825
Synthyra/ANKH_large,1536,Synthyra_ANKH_large.json,train_test_split,0.7300435413642961,0.7180392156862745,0.7694117647058824,0.6666666666666666,0.4331733257685467,0.7994206773618538,0.86643390819821
Synthyra/ANKH_base,768,Synthyra_ANKH_base.json,train_test_split,0.7256894049346879,0.7188146167557933,0.7482352941176471,0.6893939393939394,0.4311454790230997,0.7985294117647058,0.8537522583861576
facebook/esm2_t33_650M_UR50D,1280,facebook_esm2_t33_650M_UR50D.json,train_test_split,0.5573294629898403,0.5428832442067737,0.6047058823529412,0.4810606060606061,0.08426649660656782,0.5465775401069518,0.6520964744186812
RaphaelMourad/Mistral-Prot-v1-134M,768,RaphaelMourad_Mistral-Prot-v1-134M.json,train_test_split,0.6168359941944848,0.5,1.0,0.0,0.0,0.5028297682709447,0.6204422436608895
